CODE,FAMILY,GENUS,SPECIES,NAME,LIFEFORM,LIFEHIST,STATUS,PHOTOSYSTEM,CATEGORY
ACENEG,Aceraceae,Acer,negundo,Acer negundo,tree,perennial,native,C3,C3-tree
ACHMIL,Asteraceae,Achillea,millefolium,Achillea millefolium,forb,perennial,native,C3,C3-forb
AGASCR,Lamiaceae,Agastache,scrophulariaefolia,Agastache scrophulariaefolia,forb,perennial,native,NA,NA-forb
AGEALT,Asteraceae,Ageratina,altissima,Ageratina altissima,forb,perennial,native,C3,C3-forb
ALLCAN,Liliaceae,Allium,canadense,Allium canadense,forb,perennial,native,C3,C3-forb
ALLCER,Liliaceae,Allium,cernuum,Allium cernuum,forb,perennial,native,C3,C3-forb
AMBART,Asteraceae,Ambrosia,artemesiifolia,Ambrosia artemisiifolia,forb,annual,native,C3,C3-forb
AMBTRI,Asteraceae,Ambrosia,trifida,Ambrosia trifida,forb,annual,native,C3,C3-forb
AMOCAN,Fabaceae,Amorpha,canescens,Amorpha canescens,shrub,perennial,native,C3,legume
AMPBRA,Fabaceae,Amphicarpaea,bracteata,Amphicarpaea bracteata,forb,annual,native,C3,legume
ANDGER,Poaceae,Andropogon,gerardii,Andropogon gerardii,grass,perennial,native,C4,C4-grass
ANECAN,Ranunculaceae,Anemone,canadensis,Anemone canadensis,forb,perennial,native,C3,C3-forb
ANECYL,Ranunculaceae,Anemone,cylindrica,Anemone cylindrica,forb,perennial,native,C3,C3-forb
ANTPLA,Asteraceae,Antennaria,plantaginifolia,Antennaria plantaginifolia,forb,perennial,native,C3,C3-forb
APOCAN,Apocynaceae,Apocynum,cannabinum,Apocynum cannabinum,forb,perennial,native,C3,C3-forb
APOSIB,Apocynaceae,Apocynum,sibiricum,Apocynum sibiricum,forb,perennial,native,NA,NA-forb
AQUCAN,Ranunculaceae,Aquilegia,canadensis,Aquilegia canadensis,forb,perennial,native,C3,C3-forb
ARNATR,Asteraceae,Arnoglossum,atriplicifolium,Arnoglossum atriplicifolium,forb,perennial,native,NA,NA-forb
ARTCAM,Asteraceae,Artemisia,campestris,Artemisia campestris,forb,biennial,native,C3,C3-forb
ARTLUD,Asteraceae,Artemisia,ludoviciana,Artemisia ludoviciana,forb,perennial,native,C3,C3-forb
ASACAN,Aristolochiaceae,Asarum,canadense,Asarum canadense,forb,perennial,native,C3,C3-forb
ASCINC,Asclepiadaceae,Asclepias,incarnata,Asclepias incarnata,forb,perennial,native,C3,C3-forb
ASCMEA,Asclepiadaceae,Asclepias,meadii,Asclepias meadii,forb,perennial,native,NA,NA-forb
ASCSUL,Asclepiadaceae,Asclepias,sullivantii,Asclepias sullivantii,forb,perennial,native,NA,NA-forb
ASCSYR,Asclepiadaceae,Asclepias,syriaca,Asclepias syriaca,forb,perennial,native,C3,C3-forb
ASCTUB,Asclepiadaceae,Asclepias,tuberosa,Asclepias tuberosa,forb,perennial,native,C3,C3-forb
ASCVER,Asclepiadaceae,Asclepias,verticillata,Asclepias verticillata,forb,perennial,native,C3,C3-forb
ASCVIR,Asclepiadaceae,Asclepias,viridiflora,Asclepias viridiflora,forb,perennial,native,C3,C3-forb
ASTCAN,Fabaceae,Astragalus,canadensis,Astragalus canadensis,forb,perennial,native,C3,legume
ASTERI,Asteraceae,Aster,ericoides,Aster ericoides,forb,perennial,native,C3,C3-forb
ASTLAE,Asteraceae,Aster,laevis,Aster laevis,forb,perennial,native,C3,C3-forb
ASTNOV,Asteraceae,Aster,novae-angliae,Aster novae-angliae,forb,perennial,native,C3,C3-forb
ASTPRA,Asteraceae,Aster,praealtus,Aster praealtus,forb,perennial,native,NA,NA-forb
ASTSAG,Asteraceae,Aster,sagittifolius,Aster sagittifolius,forb,perennial,native,NA,NA-forb
ASTUMB,Asteraceae,Aster,umbellatus,Aster umbellatus,forb,perennial,native,NA,NA-forb
AVEFAT,Poaceae,Avena,fatua,Avena fatua,grass,annual,nonnative,C3,C3-grass
BAPLAC,Fabaceae,Baptisia,lactea,Baptisia lactea,forb,perennial,native,NA,legume
BAPLEU,Fabaceae,Baptisia,leucophaea,Baptisia leucophaea,forb,perennial,native,C3,legume
BARESOIL,,,, ,,,,,
BARVUL,Brassicaceae,Barbarea,vulgaris,Barbarea vulgaris,forb,biennial,nonnative,C3,C3-forb
BIDPOL,Asteraceae,Bidens,polylepis,Bidens polylepis,forb,annual/biennial,native,NA,NA-forb
BIDVUL,Asteraceae,Bidens,vulgata,Bidens vulgata,forb,annual,native,C3,C3-forb
BOTVIR,Ophioglossaceae,Botrypus,virginianus,Botrychium virginianum,fern,perennial,native,C3,C3-fern
BOUCUR,Poaceae,Bouteloua,curtipendula,Bouteloua curtipendula,grass,perennial,native,C4,C4-grass
BRIEUP,Asteraceae,Brickellia,eupatoroides,Brickellia eupatoroides,forb,perennial,native,C3,C3-forb
BROINE,Poaceae,Bromus,inermis,Bromus inermis,grass,perennial,nonnative,C3,C3-grass
BROKAL,Poaceae,Bromus,kalmii,Bromus kalmii,grass,perennial,native,C3,C3-grass
BUTUMB,Butomaceae,Butomus,umbellatus,Butomus umbellatus,forb,perennial,nonnative,C3,C3-forb
CALCAN,Poaceae,Calamagrostis,canadensis,Calamagrostis canadensis,grass,perennial,native,C3,C3-grass
CALPAL,Ranunculaceae,Caltha,palustris,Caltha palustris,forb,perennial,native,C3,C3-forb
CALSEP,Convolvulaceae,Calystegia,sepium,Calystegia sepium,forb,perennial,native,C3,C3-forb
CAMSCI,Liliaceae,Camassia,scilloides,Camassia scilloides,forb,perennial,native,C3,C3-forb
CARACA,Asteraceae,Carduus,acanthoides,Carduus acanthoides,forb,biennial,nonnative,C3,C3-forb
CARBIC,Cyperaceae,Carex,bicknellii,Carex bicknellii,sedge,perennial,native,NA,NA-sedge
CARBLA,Cyperaceae,Carex,blanda,Carex blanda,sedge,perennial,native,NA,NA-sedge
CARBRE,Cyperaceae,Carex,brevior,Carex brevior,sedge,perennial,native,C3,C3-sedge
CARCOM,Cyperaceae,Carex,comosa,Carex comosa,sedge,perennial,native,NA,NA-sedge
CARCRI,Cyperaceae,Carex,cristatella,Carex cristatella,sedge,perennial,native,NA,NA-sedge
CAREX1,Cyperaceae,Carex,sp1,Carex sp1,sedge,unknown,unknown,NA,NA-sedge
CAREX2,Cyperaceae,Carex,sp2,Carex sp2,sedge,unknown,unknown,NA,NA-sedge
CAREX3,Cyperaceae,Carex,sp3,Carex sp3,sedge,unknown,unknown,NA,NA-sedge
CARFES,Cyperaceae,Carex,festucacea,Carex festucacea,sedge,perennial,native,NA,NA-sedge
CARSAR,Cyperaceae,Carex,sartwellii,Carex sartwellii,sedge,perennial,native,NA,NA-sedge
CARSCO,Cyperaceae,Carex,scoparia,Carex scoparia,sedge,perennial,native,NA,NA-sedge
CARSIC,Cyperaceae,Carex,siccata,Carex siccata,sedge,perennial,native,NA,NA-sedge
CARTEN,Cyperaceae,Carex,tenera,Carex tenera,sedge,perennial,native,NA,NA-sedge
CARTET,Cyperaceae,Carex,tetanica,Carex tetanica,sedge,perennial,native,NA,NA-sedge
CARVUL,Cyperaceae,Carex,vulpinoidea,Carex vulpinoidea,sedge,perennial,native,C3,C3-sedge
CEAAME,Rhamnaceae,Ceanothus,americanus,Ceanothus americanus,shrub,perennial,native,C3,C3-shrub
CERARV,Caryophyllaceae,Cerastium,arvense,Cerastium arvense,forb,perennial,native,C3,C3-forb
CHEALB,Chenopodiaceae,Chenopodium,album,Chenopodium album,forb,annual,native,C3/C4,C3/C4-forb
CICMAC,Apiaceae,Cicuta,maculata,Cicuta maculata,forb,perennial,native,C3,C3-forb
CIRARV,Asteraceae,Cirsium,arvense,Cirsium arvense,forb,perennial,nonnative,C3,C3-forb
CIRDIS,Asteraceae,Cirsium,discolor,Cirsium discolor,forb,biennial,native,C3,C3-forb
CIRMUT,Asteraceae,Cirsium,muticum,Cirsium muticum,forb,biennial,native,NA,NA-forb
CIRVUL,Asteraceae,Cirsium,vulgare,Cirsium vulgare,forb,biennial,nonnative,C3,C3-forb
COMUMB,Santalaceae,Comandra,umbellata,Comandra umbellata,forb,perennial,native,C3,C3-forb
CONARV,Convolvulaceae,Convolvulus,arvensis,Convolvulus arvensis,forb,perennial,nonnative,C3,C3-forb
CONCAN,Asteraceae,Conyza,canadensis,Conyza canadensis,forb,annual,native,C3,C3-forb
CORAME,Betulaceae,Corylus,americana,Corylus americana,shrub,perennial,native,C3,C3-shrub
CORFOE,Cornaceae,Cornus,foemina,Cornus foemina,shrub,perennial,native,C3,C3-shrub
CORPAL,Asteraceae,Coreopsis,palmata,Coreopsis palmata,forb,perennial,native,C3,C3-forb
CORTRI,Asteraceae,Coreopsis,tripteris,Coreopsis tripteris,forb,perennial,native,NA,NA-forb
CUSSPP,Convolvulaceae,Cuscuta,sp,Cuscuta sp,forb,unknown,unknown,NA,NA-forb
CYPCAN,Orchidaceae,Cypripedium,candidum,Cypripedium candidum,forb,perennial,native,NA,NA-forb
DALCAN,Fabaceae,Dalea,candida,Dalea candida,forb,perennial,native,C3,legume
DALPUR,Fabaceae,Dalea,purpurea,Dalea purpurea,forb,perennial,native,NA,legume
DAUCAR,Apiaceae,Daucus,carota,Daucus carota,forb,biennial,nonnative,C3,C3-forb
DESCAN,Fabaceae,Desmodium,canadense,Desmodium canadense,forb,perennial,native,C3,legume
DESILL,Fabaceae,Desmodium,illinoense,Desmodium illinoense,forb,perennial,native,C3,legume
DICACU,Poaceae,Dichanthelium,acuminatum,Dichanthelium acuminatum,grass,perennial,native,C3/C4,C3/C4-grass
DICANT,Poaceae,Dichanthelium,sp,Dichanthelium sp,grass,perennial,native,C3,C3-grass
DICLEI,Poaceae,Dichanthelium,leibergii,Dichanthelium leibergii,grass,perennial,native,C3/C4,C3/C4-grass
DODMEA,Primulaceae,Dodecatheon,meadia,Dodecatheon meadia,forb,perennial,native,C3,C3-forb
DRYARG,Rosaceae,Drymocallis,arguta,Drymocallis arguta,forb,perennial,native,C3,C3-forb
ECHPAL,Asteraceae,Echinacea,pallida,Echinacea pallida,forb,perennial,native,NA,NA-forb
ECHPUR,Asteraceae,Echinacea,pupurea,Echinacea purpurea,forb,perennial,native,C3,C3-forb
ELECOM,Cyperaceae,Eleocharis,compressa,Eleocharis compressa,sedge,perennial,native,NA,NA-sedge
ELYCAN,Poaceae,Elymus,canadensis,Elymus canadensis,grass,perennial,native,C3,C3-grass
ELYREP,Poaceae,Elymus,repens,Elymus repens,grass,perennial,nonnative,C3,C3-grass
ELYVIR,Poaceae,Elymus,virginicus,Elymus virginicus,grass,perennial,native,C3,C3-grass
EPICOL,Onagraceae,Epilobium,coloratum,Epilobium coloratum,forb,perennial,native,C3,C3-forb
EQUARV,Equisetaceae,Equisetum,arvense,Equisetum arvense,fern,perennial,native,C3,C3-fern
EQUHYE,Equisetaceae,Equisetum,hyemale,Equisetum hyemale,fern,perennial,native,C3,C3-fern
EREHIE,Asteraceae,Erechtites,hieracifolius,Erechtites hieracifolius,forb,annual,native,NA,NA-forb
ERIANN,Asteraceae,Erigeron,annuus,Erigeron annuus,forb,annual,native,C3,C3-forb
ERICIL,Poaceae,Eragrostis,cilianensis,Eragrostis cilianensis,grass,annual,nonnative,C4,C4-grass
ERIPHI,Asteraceae,Erigeron,philadelphicus,Erigeron philadelphicus,forb,biennial,native,C3,C3-forb
ERISTR,Asteraceae,Erigeron,strigosus,Erigeron strigosus,forb,annual,native,C3,C3-forb
ERIVIL,Poaceae,Eriochloa,villosa,Eriochloa villosa,grass,annual,nonnative,C4,C4-grass
ERYYUC,Apiaceae,Eryngium,yuccifolium,Eryngium yuccifolium,forb,perennial,native,C3,C3-forb
EUPCOR,Euphorbiaceae,Euphorbia,corollata,Euphorbia corollata,forb,perennial,native,C3,C3-forb
EUPMAC,Asteraceae,Eupatorium,maculatum,Eupatorium maculatum,forb,perennial,native,C3,C3-forb
EUPPER,Asteraceae,Eupatorium,perfoliatum,Eupatorium perfoliatum,forb,perennial,native,NA,NA-forb
EUPSER,Asteraceae,Eupatorium,serotinum,Eupatorium serotinum,forb,perennial,nonnative,NA,NA-forb
EUTGRA,Asteraceae,Euthamia,graminifolia,Euthamia graminifolia,forb,perennial,native,NA,NA-forb
EUTGYM,Asteraceae,Euthamia,gymnospermoides,Euthamia gymnospermoides,forb,perennial,native,NA,NA-forb
FESTUCA,Poaceae,Festuca,sp,Festuca sp,grass,perennial,unknown,C3,C3-grass
FRAVIR,Rosaceae,Fragaria,virginiana,Fragaria virginiana,forb,perennial,native,C3,C3-forb
GALAPA,Rubiaceae,Galium,aparine,Galium aparine,forb,annual,native,C3,C3-forb
GALBOR,Rubiaceae,Galium,boreale,Galium boreale,forb,perennial,native,C3,C3-forb
GALOBT,Rubiaceae,Galium,obtusum,Galium obtusum,forb,perennial,native,NA,NA-forb
GALPAL,Rubiaceae,Galium,palustre,Galium palustre,forb,perennial,nonnative,C3,C3-forb
GAUBIE,Onagraceae,Oenothera,gaura,Gaura biennis,forb,biennial,native,NA,NA-forb
GENALB,Gentianaceae,Gentiana,alba,Gentiana alba,forb,perennial,native,C3,C3-forb
GENAND,Gentianaceae,Gentiana,andrewsii,Gentiana andrewsii,forb,perennial,native,NA,NA-forb
GENCRI,Gentianaceae,Gentianopsis,crinita,Gentianopsis crinita,forb,biennial,native,NA,NA-forb
GENPUB,Gentianaceae,Gentiana,puberulenta,Gentiana puberulenta,forb,perennial,native,NA,NA-forb
GENQUI,Gentianaceae,Gentianella,quinquefolia,Gentianella quinquefolia,forb,perennial,native,NA,NA-forb
GERMAC,Geraniaceae,Geranium,maculatum,Geranium maculatumc,forb,perennial,native,C3,C3-forb
GEUALE,Rosaceae,Geum,aleppicum,Geum aleppicum,forb,perennial,native,C3,C3-forb
GEUCAN,Rosaceae,Geum,canadense,Geum canadense,forb,perennial,native,C3,C3-forb
GEULAC,Rosaceae,Geum,laciniatum,Geum laciniatum,forb,perennial,native,C3,C3-forb
GEUTRI,Rosaceae,Geum,triflorum,Geum triflorum,forb,perennial,native,C3,C3-forb
GLEHED,Lamiaceae,Glechoma,hederacea,Glechoma hederacea,forb,perennial,nonnative,C3,C3-forb
HELAUT,Asteraceae,Helenium,autumnale,Helenium autumnale,forb,perennial,native,C3,C3-forb
HELGIG,Asteraceae,Helianthus,giganteus,Helianthus giganteus,forb,perennial,native,C3,C3-forb
HELGRO,Asteraceae,Helianthus,grosseserratus,Helianthus grosseserratus,forb,perennial,native,NA,NA-forb
HELHEL,Asteraceae,Heliopsis,helianthoides,Heliopsis helianthoides,forb,perennial,native,C3,C3-forb
HELHIR,Asteraceae,Helianthus,hirsutus,Helianthus hirsutus,forb,perennial,native,C3,C3-forb
HELMOL,Asteraceae,Helianthus,mollis,Helianthus mollis,forb,perennial,nonnative,NA,NA-forb
HELOCC,Asteraceae,Helianthus,occidentalis,Helianthus occidentalis,forb,perennial,native,NA,NA-forb
HELPAU,Asteraceae,Helianthus,pauciflorus,Helianthus pauciflorus,forb,perennial,native,NA,NA-forb
HELSTR,Asteraceae,Helianthus,strumosus,Helianthus strumosus,forb,perennial,native,C3,C3-forb
HESSPA,Poaceae,Hesperostipa,spartea,Hesperostipa spartea,grass,perennial,native,C3,C3-grass
HEURIC,Saxifragaceae,Heuchera,richardsonii,Heuchera richardsonii,forb,perennial,native,C3,C3-forb
HIEAUR,Asteraceae,Hieracium,aurantiacum,Hieracium aurantiacum,forb,perennial,nonnative,C3,C3-forb
HIECAE,Asteraceae,Hieracium,caespitosum,Hieracium caespitosum,forb,perennial,nonnative,C3,C3-forb
HYPASC,Clusiaceae,Hypericum,ascyron,Hypericum ascyron,forb,perennial,native,NA,NA-forb
HYPHIR,Liliaceae,Hypoxis,hirsuta,Hypoxis hirsuta,forb,perennial,native,C3,C3-forb
HYPPUN,Hypericaceae,Hypericum,punctatum,Hypericum punctatum,forb,perennial,native,NA,NA-forb
HYPSPH,Hypericaceae,Hypericum,sphaerocarpum,Hypericum sphaerocarpum,forb,perennial,native,NA,NA-forb
IRIVIR,Iridaceae,Iris,virginica,Iris virginica,forb,perennial,native,C3,C3-forb
JUNDUD,Juncaceae,Juncus,dudleyi,Juncus dudleyi,rush,perennial,native,C3,C3-rush
JUNTOR,Juncaceae,Juncus,torreyi,Juncus torreyi,rush,perennial,native,C3,C3-rush
KRIBIF,Asteraceae,Krigia,biflora,Krigia biflora,forb,perennial,native,NA,NA-forb
LACCAN,Asteraceae,Lactuca,canadensis,Lactuca canadensis,forb,biennial,native,C3,C3-forb
LACLUD,Asteraceae,Lactuca,ludoviciana,Lactuca ludoviciana,forb,biennial,native,C3,C3-forb
LACSER,Asteraceae,Lactuca,serriola,Lactuca serriola,forb,biennial,nonnative,C3,C3-forb
LATPAL,Fabaceae,Lathyrus,palustris,Lathyrus palustris,forb,perennial,native,C3,legume
LECSTR,Cistaceae,Lechea,stricta,Lechea stricta,forb,perennial,native,C3,C3-forb
LESCAP,Fabaceae,Lespedeza,capitata,Lespedeza capitata,forb,perennial,native,C3,legume
LESVIR,Fabaceae,Lespedeza,virginica,Lespedeza virginica,forb,perennial,native,C3,legume
LEUVUL,Asteraceae,Leucanthemum,vulgare,Leucanthemum vulgare,forb,perennial,nonnative,NA,NA-forb
LIAASP,Asteraceae,Liatris,aspera,Liatris aspera,forb,perennial,native,C3,C3-forb
LIALIN,Asteraceae,Liatris,lingulistylis,Liatris lingulistylis,forb,perennial,native,NA,NA-forb
LIAPYC,Asteraceae,Liatris,pychnostachya,Liatris pycnostachya,forb,perennial,native,NA,NA-forb
LIASPI,Asteraceae,Liatris,spicata,Liatris spicata,forb,perennial,native,NA,NA-forb
LILMIC,Liliaceae,Lilium,michiganense,Lilium michiganense,forb,perennial,native,NA,NA-forb
LILPHI,Liliaceae,Lilium,philadelphicum,Lilium philadelphicum,forb,perennial,native,C3,C3-forb
LITCAN,Boraginaceae,Lithospermum,canescens,Lithospermum canescens,forb,perennial,native,C3,C3-forb
LITTER,,,, ,,,,,
LOBCAR,Lobeliaceae,Lobelia,cardinalis,Lobelia cardinalis,forb,perennial,native,C3,C3-forb
LOBSIL,Campanulaceae,Lobelia,silphitica,Lobelia silphitica,forb,perennial,native,NA,NA-forb
LOBSIP,Lobeliaceae,Lobelia,siphilitica,Lobelia siphilitica,forb,perennial,native,C3,C3-forb
LOBSPI,Lobeliaceae,Lobelia,spicata,Lobelia spicata,forb,perennial,native,C3,C3-forb
LYCAME,Lamiaceae,Lycopus,americanus,Lycopus americanus,forb,perennial,native,NA,NA-forb
LYSQUA,Myrsinaceae,Lysimachia,quadriflora,Lysimachia quadriflora,forb,perennial,native,NA,NA-forb
LYTALA,Lythraceae,Lythrum,alatum,Lythrum alatum,forb,perennial,native,NA,NA-forb
MAISTE,Liliaceae,Maianthemum,stellatum,Maianthemum stellatum,forb,perennial,native,C3,C3-forb
MEDLUP,Fabaceae,Medicago,lupulina,Medicago lupulina,forb,biennial,nonnative,C3,legume
MEDSAT,Fabaceae,Medicago,sativa,Medicago sativa,forb,perennial,nonnative,C3,legume
MELALB,Fabaceae,Mellilotus,albus,Melilotus albus,forb,biennial,nonnative,C3,legume
MICPEN,Saxifragaceae,Micranthes,pensylvanica,Micranthes pensylvanica,forb,perennial,native,NA,NA-forb
MONFIS,Lamiaceae,Monarda,fistulosa,Monarda fistulosa,forb,perennial,native,C3,C3-forb
MONPUN,Lamiaceae,Monarda,punctata,Monarda punctata,forb,biennial,native,C3,C3-forb
MOSS,Unknown,Unknown,unknown,NA,moss,unknown,unknown,NA,NA-moss
MUHFRO,Poaceae,Muhlenbergia,frondosa,Muhlenbergia frondosa,grass,perennial,native,C4,C4-grass
NAPDIO,Malvaceae,Napaea,dioica,Napaea dioica,forb,perennial,native,C3,C3-forb
OENBIE,Onagraceae,Oenothera,biennis,Oenothera biennis,forb,biennial,native,C3,C3-forb
OENPIL,Onagraceae,Oenothera,pilosella,Oenothera pilosella,forb,perennial,nonnative,NA,NA-forb
ORAUNI,Orobanchaceae,Orobanche,uniflora,Orobanche uniflora,forb,annual,native,NA,NA-forb
OXASTR,Oxalidaceae,Oxalis,stricta,Oxalis stricta,forb,perennial,native,C3,C3-forb
OXAVIO,Oxalidaceae,Oxalis,violacea,Oxalis violacea,forb,perennial,native,NA,NA-forb
OXYRIG,Apiaceae,Oxypolis,rigidior,Oxypolis rigidior,forb,perennial,native,C3,C3-forb
PANCAP,Poaceae,Panicum,capillare,Panicum capillare,grass,annual,native,C4,C4-grass
PANVIR,Poaceae,Panicum,virgatum,Panicum virgatum,grass,perennial,native,C4,C4-grass
PARINT,Asteraceae,Parthenium,integrifolium,Parthenium integrifolium,forb,perennial,native,NA,NA-forb
PASSAT,Apiaceae,Pastinaca,sativa,Pastinaca sativa,forb,biennial,nonnative,C3,C3-forb
PEDCAN,Scrophulariaceae,Pedicularis,canadensis,Pedicularis canadensis,forb,perennial,native,C3,C3-forb
PEDLAN,Scrophulariaceae,Pedicularis,lanceolata,Pedicularis lanceolata,forb,perennial,native,NA,NA-forb
PENCAL,Scrophulariaceae,Penstemon,calycosus,Penstemon calycosus,forb,perennial,native,NA,NA-forb
PENDIG,Scrophulariaceae,Penstemon,digitalis,Penstemon digitalis,forb,perennial,nonnative,NA,NA-forb
PERAMP,Polygonaceae,Persicaria,amphibia,Persicaria amphibia,forb,perennial,native,C3,C3-forb
PHAARU,Poaceae,Phalaris,arundinacea,Phalaris arundinacea,grass,perennial,nonnative,C3,C3-grass
PHLGLA,Polemoniaceae,Phlox,glaberrima,Phlox glaberrima,forb,perennial,native,C3,C3-forb
PHLPIL,Polemoniaceae,prairie phlox,pilosa,Phlox pilosa,forb,perennial,native,C3,C3-forb
PHLPRA,Poaceae,Phleum,pratense,Phleum pratense,grass,perennial,nonnative,C3,C3-grass
PHYALK,Solanaceae,Physalis,alkekengi,Physalis alkekengi,forb,perennial,nonnative,C3,C3-forb
PHYLON,Solanaceae,Physalis,longifolia,Physalis longifolia,forb,perennial,native,C3,C3-forb
PHYPAR,Lamiaceae,Physostegia,parviflora,Physostegia parviflora,forb,perennial,native,NA,NA-forb
PHYSOVIR,Lamiaceae,Physostegia,virginiana,Physostegia virginiana,forb,perennial,native,NA,NA-forb
PHYVIR,Solanaceae,Physalis,virginiana,Physalis virginiana,forb,perennial,native,C3,C3-forb
PLALAN,Plantaginaceae,Plantago,lanceolata,Plantago lanceolata,forb,biennial,nonnative,C3,C3-forb
PLAMAJ,Plantaginaceae,Plantago,major,Plantago major,forb,perennial,nonnative,C3,C3-forb
POAANN,Poaceae,Poa,annua,Poa annua,grass,annual,nonnative,C3,C3-grass
POAPRA,Poaceae,Poa,pratensis,Poa pratensis,grass,perennial,nonnative,C3,C3-grass
POLAVI,Polygonaceae,Polygonum,aviculare,Polygonum aviculare,forb,annual,nonnative,C3,C3-forb
POLNUT,Apiaceae,Polytaenia,nuttallii,Polytaenia nuttallii,forb,perennial,native,NA,NA-forb
POLPOL,Polygalaceae,Polygala,polygama,Polygala polygama,forb,biennial,native,C3,C3-forb
POLSEN,Polygalaceae,Polygala,senega,Polygala senega,forb,perennial,native,C3,C3-forb
POPTRE,Salicaceae,Populus,tremuloides,Populus tremuloides,tree,perennial,native,C3,C3-tree
POTARG,Rosaceae,Potentilla,arguta,Potentilla arguta,forb,perennial,native,C3,C3-forb
POTREC,Rosaceae,Potentilla,recta,Potentilla recta,forb,perennial,nonnative,C3,C3-forb
POTSIM,Rosaceae,Potentilla,simplex,Potentilla simplex,forb,perennial,native,C3,C3-forb
PRERAC,Asteraceae,Prenanthes,racemosa,Prenanthes racemosa,forb,perennial,native,NA,NA-forb
PRIMEA,Primulaceae,Primula,meadia,Primula meadia,forb,perennial,native,C3,C3-forb
PRUAME,Rosaceae,Prunus,americana,Prunus americana,shrub,perennial,native,C3,C3-shrub
PRUVUL,Lamiaceae,Prunella,vulgaris,Prunella vulgaris,forb,perennial,native,C3,C3-forb
PSEOBT,Asteraceae,Pseudognaphalium,obtusifolium,Pseudognaphalium obtusifolium,forb,annual/biennial,native,NA,NA-forb
PYCTEN,Lamiaceae,Pycnanthemum,tenuifolium,Pycnanthemum tenuifolium,forb,perennial,nonnative,C3,C3-forb
PYCVIR,Lamiaceae,Pycnanthemum,virginianum,Pycnanthemum virginianum,forb,perennial,native,NA,NA-forb
QUEVEL,Fagaceae,Quercus,velutina,Quercus velutina,tree,perennial,native,C3,C3-tree
RANPEN,Ranunculaceae,Ranunculus,pensylvanicus,Ranunculus pensylvanicus,forb,annual/perennial,native,C3,C3-forb
RATPIN,Asteraceae,Ratibida,pinnata,Ratibida pinnata,forb,perennial,native,C3,C3-forb
RHACAT,Rhamnaceae,Rhamnus,cathartica,Rhamnus cathartica,tree,perennial,nonnative,C3,C3-tree
ROSA,Rosaceae,Rosa,spp,Rosa spp,shrub,perennial,unknown,C3,C3-shrub
ROSARK,Rosaceae,Rosa,arkansana,Rosa arkansana,shrub,perennial,native,C3,C3-shrub
ROSCAR,Rosaceae,Rosa,carolina,Rosa carolina,shrub,perennial,native,C3,C3-shrub
RUBALL,Rosaceae,Rubus,allegheniensis,Rubus allegheniensis,shrub,perennial,native,C3,C3-shrub
RUBFLA,Rosaceae,Rubus,flagellaris,Rubus flagellaris,shrub,perennial,native,C3,C3-shrub
RUBIDA,Rosaceae,Rubus,idaeus,Rubus idaeus,shrub,perennial,native,C3,C3-shrub
RUDHIR,Asteraceae,Rudbeckia,hirta,Rudbeckia hirta,forb,biennial,native,C3,C3-forb
RUDSUB,Asteraceae,Rudbeckia,subtomentosa,Rudbeckia subtomentosa,forb,perennial,native,NA,NA-forb
RUDTRI,Asteraceae,Rudbeckia,triloba,Rudbeckia triloba,forb,biennial,native,NA,NA-forb
RUMACE,Polygonaceae,Rumex,acetosella,Rumex acetosella,forb,perennial,nonnative,C3,C3-forb
RUMCRI,Polygonaceae,Rumex,crispus,Rumex crispus,forb,perennial,nonnative,C3,C3-forb
SALIX,Salicaceae,Salix,spp,Salix spp,shrub,perennial,unknown,NA,NA-shrub
SCHSCO,Poaceae,Schizachyrium,scoparius,Schizachyrium scoparium,grass,perennial,native,C4,C4-grass
SCIATR,Cyperaceae,Scirpus,atrovirens,Scirpus atrovirens,sedge,perennial,native,NA,NA-sedge
SCICYP,Cyperaceae,Scirpus,cyperinus,Scirpus cyperinus,sedge,perennial,native,C3,C3-sedge
SCILIN,Cyperaceae,Scirpus,lineatus,Scirpus lineatus,sedge,perennial,nonnative,NA,NA-sedge
SCUPAR,Lamiaceae,Scutellaria,parvula,Scutellaria parvula,forb,perennial,native,C3,C3-forb
SENHEB,Caesalpiniaceae,Senna,hebecarpa,Senna hebecarpa,forb,perennial,native,NA,NA-forb
SETFAR,Poaceae,Setaria,farberi,Setaria farberi,grass,annual,nonnative,C4,C4-grass
SILINT,Asteraceae,Silphium,integrifolium,Silphium integrifolium,forb,perennial,native,C3,C3-forb
SILLAC,Asteraceae,Silphium,laciniatum,Silphium laciniatum,forb,perennial,native,C3,C3-forb
SILLAT,Caryophyllaceae,Silene,latifolia,Silene latifolia,forb,biennial,nonnative,C3,C3-forb
SILPER,Asteraceae,Silphium,perfoliatum,Silphium perfoliatum,forb,perennial,native,C3,C3-forb
SILSTE,Caryophyllaceae,Silene,stellata,Silene stellata,forb,perennial,native,NA,NA-forb
SILTER,Asteraceae,Silphium,terebinthinaceum,Silphium terebinthinaceum,forb,perennial,native,C3,C3-forb
SISALB,Iridaceae,Sisyrinchium,albidum,Sisyrinchium albidum,forb,perennial,native,C3,C3-forb
SOLCAN,Asteraceae,Solidago,canadensis,Solidago canadensis,forb,perennial,native,C3,C3-forb
SOLGIG,Asteraceae,Solidago,gigantea,Solidago gigantea,forb,perennial,native,C3,C3-forb
SOLJUN,Asteraceae,Solidago,juncea,Solidago juncea,forb,perennial,native,NA,NA-forb
SOLNEM,Asteraceae,Solidago,nemoralis,Solidago nemoralis,forb,perennial,native,C3,C3-forb
SOLPTY,Solanaceae,Solanum,ptycanthum,Solanum ptychanthum,forb,annual,native,NA,NA-forb
SOLRID,Asteraceae,Solidago,riddellii,Solidago riddellii,forb,perennial,native,NA,NA-forb
SOLRIG,Asteraceae,Solidago,rigida,Solidago rigida,forb,perennial,native,C3,C3-forb
SOLSPE,Asteraceae,Solidago,speciosa,Solidago speciosa,forb,perennial,native,C3,C3-forb
SORNUT,Poaceae,Sorghastrum,nutans,Sorghastrum nutans,grass,perennial,native,C4,C4-grass
SPAPEC,Poaceae,Spartina,pectinaca,Spartina pectinata,grass,perennial,native,C4,C4-grass
SPHINT,Poaceae,Sphenopholis,intermedia,Sphenopholis intermedia,grass,perennial,native,C3,C3-grass
SPIALB,Rosaceae,Spiraea,alba,Spiraea alba,shrub,perennial,native,C3,C3-shrub
SPOCRY,Poaceae,Sporobolus,cryptandrus,Sporobolus cryptandrus,grass,perennial,native,C4,C4-grass
SPOHET,Poaceae,Sporobolus,heterolepis,Sporobolus heterolepis,grass,perennial,native,C4,C4-grass
STAPAL,Lamiaceae,Stachys,palustris,Stachys palustris,forb,perennial,native,C3,C3-forb
SYMBOR,Asteraceae,Symphyotrichum,boreale,Symphyotrichum boreale,forb,perennial,native,NA,NA-forb
SYMCOR,Asteraceae,Symphyotrichum,cordifolius,Symphyotrichum cordifolius,forb,perennial,native,NA,NA-forb
SYMERI,Asteraceae,Symphyotrichum,ericoides,Symphyotrichum ericoides,forb,perennial,native,NA,NA-forb
SYMFAL,Asteraceae,Symphyotrichum,falcatus,Symphyotrichum falcatus,forb,perennial,native,C3,C3-forb
SYMLAE,Asteraceae,Symphyotrichum,laevis,Symphyotrichum laevis,forb,perennial,native,NA,NA-forb
SYMLAN,Asteraceae,Symphyotrichum,lanceolatum,Symphyotrichum lanceolatum,forb,perennial,native,NA,NA-forb
SYMLAT,Asteraceae,Symphyotrichum,lateriflorus,Symphyotrichum lateriflorus,forb,perennial,native,NA,NA-forb
SYMNOV,Asteraceae,Symphyotrichum,novae-angliae,Symphyotrichum novae-angliae,forb,perennial,native,NA,NA-forb
SYMOOL,Asteraceae,Symphyotrichum,oolentangiensis,Symphyotrichum oolentangiensis,forb,perennial,native,NA,NA-forb
SYMPIL,Asteraceae,Symphyotrichum,pilosus,Symphyotrichum pilosus,forb,perennial,native,NA,NA-forb
SYMPUN,Asteraceae,Symphyotrichum,puniceus,Symphyotrichum puniceus,forb,perennial,native,NA,NA-forb
SYMSER,Asteraceae,Symphyotrichum,sericeus,Symphyotrichum sericeus,forb,perennial,native,NA,NA-forb
SYMURO,Asteraceae,Symphyotrichum,urophyllum,Symphyotrichum urophyllum,forb,perennial,native,NA,NA-forb
TAROFF,Asteraceae,Taraxacum,officinale,Taraxacum officinale,forb,perennial,nonnative,C3,C3-forb
TEUCAN,Lamiaceae,Teucrium,canadense,Teucrium canadense,forb,perennial,native,NA,NA-forb
THADAS,Ranunculaceae,Thalictrum,dasycarpum,Thalictrum dasycarpum,forb,perennial,native,C3,C3-forb
THAREV,Ranunculaceae,Thalictrum,revolutum,Thalictrum revolutum,forb,perennial,native,C3,C3-forb
TRAOHI,Commelinaceae,Tradescantia,ohiensis,Tradescantia ohiensis,forb,perennial,native,C3,C3-forb
TRIHYB,Fabaceae,Trifolium,hybridum,Trifolium hybridum,forb,perennial,nonnative,C3,legume
TRIPRA,Fabaceae,Trifolium,pratense,Trifolium pratense,forb,perennial,nonnative,C3,legume
TRIREP,Fabaceae,Trifolium,repens,Trifolium repens,forb,perennial,nonnative,C3,legume
VACANG,Ericaceae,Vaccinium,angustifolium,Vaccinium angustifolium,shrub,perennial,native,C3,C3-shrub
VERFAS,Asteraceae,Vernonia,fasciculata,Vernonia fasciculata,forb,perennial,native,C3,C3-forb
VERHAS,Verbenaceae,Verbena,hastata,Verbena hastata,forb,biennial,native,C3,C3-forb
VERSTR,Verbenaceae,Verbena,stricta,Verbena stricta,forb,annual/perennial,native,C3,C3-forb
VERURT,Verbenaceae,Verbena,urticifolia,Verbena urticifolia,forb,annual/perennial,native,C3,C3-forb
VERVIR,Scrophulariaceae,Veronicastrum,virginicum,Veronicastrum virginicum,forb,perennial,native,NA,NA-forb
VICAME,Fabaceae,Vicia,americana,Vicia americana,forb,perennial,native,C3,legume
VIOCUC,Violaceae,Viola,cucullata,Viola cucullata,forb,perennial,native,C3,C3-forb
VIOPED,Violaceae,Viola,pedatifida,Viola pedatifida,forb,perennial,native,C3,C3-forb
VIOSAG,Violaceae,Viola,sagittata,Viola sagittata,forb,perennial,native,C3,C3-forb
VIOSOR,Violaceae,Viola,sororia,Viola sororia,forb,annual/perennial,native,C3,C3-forb
VITRIP,Vitaceae,Vitis,riparia,Vitis riparia,shrub,perennial,native,C3,C3-shrub
ZEAMAY,Poaceae,Zea,mays,Zea mays,grass,annual,nonnative,C4,C4-grass
ZIZAPT,Apiaceae,Zizia,aptera,Zizia aptera,forb,perennial,native,C3,C3-forb
ZIZAUR,Apiaceae,Zizia,aurea,Zizia aurea,forb,perennial,native,C3,C3-forb